Workbook

Sheet KLIENT
A1: PČ | B1: Jméno/Firma | C1: 2026
A2: 1 | B2: Aktiv Novostav s. r. o. | C2: Aktiv Novostav s. r. o.
A3: 2 | B3: BURNING TECHNOLOGY a. s. | C3: BURNING TECHNOLOGY a. s.
A4: 3 | B4: CSE | C4: Delphia MORAVIA s.r.o.
A5: 4 | B5: FSL CZ, s. r. o. | C5: EVUM Motors s.r.o.
A6: 5 | C6: FSL CZ, s. r. o.
A7: 6 | B7: ONE KLIMA, s. r. o. | C7: Maker Inspiration s.r.o.
A8: 7 | B8: VINTECO s. r. o. | C8: XXX
A9: 8 | B9: SUNFRIO | C9: MastrCrane Production, s. r. o.
A10: 9 | B10: výpočet | C10: Michal GNES
A11: 10 | B11: Bezunk Roman | C11: MV Active s.r.o.
A12: 11 | B12: MastrCrane | C12: ONE KLIMA s. r. o.
A13: 12 | B13: Delphia | C13: YYY
A14: 13 | B14: MV ACTIVE | C14: CSE
A15: 14 | C15: výpočet

Sheet ELEKTRO
A1: STAVY | B1: KLIENT | C1: Poznámka | D1: Jedn. | E1: 1. 1. 2026 | F1: 1. 2. 2026 | G1: 1. 3. 2026 | H1: 1. 4. 2026 | I1: 1. 5. 2026 | J1: 1. 6. 2026 | K1: 1. 7. 2026 | L1: 1. 8. 2026 | M1: 1. 9. 2026 | N1: 1. 10. 2026 | O1: 1. 11. 2026 | P1: 1. 12. 2026 | Q1: 1. 1. 2027
A2: E_A1 | B2: ONE KLIMA, s. r. o. | C2: hala A1/A2 | D2: kWh | E2: 20100 | F2: 20250 | G2: 20440 | H2: 20620 | I2: 20770 | J2: 20890 | K2: 21090 | L2: 0 | M2: 0 | N2: 0 | O2: 0 | P2: 0 | Q2: 0
A3: E_AB1 | B3: výpočet | C3: rozpočítáno, admin. budova přízemí | D3: kWh | E3: 20280 | F3: 20500 | G3: 20700 | H3: 20940 | I3: 21140 | J3: 21340 | K3: 21540 | L3: 0 | M3: 0 | N3: 0 | O3: 0 | P3: 0 | Q3: 0
A4: E_AB1_10 | B4: výpočet | C4: spol. 11+12 Kociak/Aktiv, brána, vrátnice | D4: kWh | E4: 1600 | F4: 1640 | G4: 1660 | H4: 1685 | I4: 1710 | J4: 1740 | K4: 1760 | L4: 0 | M4: 0 | N4: 0 | O4: 0 | P4: 0 | Q4: 0
A5: E_AB1_08 | B5: Aktiv Novostav s. r. o. | D5: kWh | E5: 0 | F5: 0 | G5: 0 | H5: 0 | I5: 0 | J5: 0 | K5: 0 | L5: 0 | M5: 0 | N5: 0 | O5: 0 | P5: 0 | Q5: 0
A6: E_AB1_11 | B6: Aktiv Novostav s. r. o. | D6: kWh | E6: 792 | F6: 800 | G6: 805 | H6: 815 | I6: 821 | J6: 830 | K6: 835 | L6: 0 | M6: 0 | N6: 0 | O6: 0 | P6: 0 | Q6: 0
A7: E_AB1_12 | B7: Aktiv Novostav s. r. o. | D7: kWh | E7: 640 | F7: 655 | G7: 670 | H7: 685 | I7: 700 | J7: 715 | K7: 730 | L7: 0 | M7: 0 | N7: 0 | O7: 0 | P7: 0 | Q7: 0
A8: E_AB1_18 | B8: BURNING TECHNOLOGY a. s. | C8: společný prostor WC/Sprchy | D8: kWh | E8: 860 | F8: 865 | G8: 870 | H8: 875 | I8: 875 | J8: 880 | K8: 885 | L8: 0 | M8: 0 | N8: 0 | O8: 0 | P8: 0 | Q8: 0
A9: E_AB1_22 | B9: MV Active s.r.o. | C9: Showroom | D9: kWh | E9: 8860 | F9: 8980 | G9: 9120 | H9: 9240 | I9: 9355 | J9: 9430 | K9: 9500 | L9: 0 | M9: 0 | N9: 0 | O9: 0 | P9: 0 | Q9: 0
A10: E_AB1_23 | B10: MV Active s.r.o. | C10: rack | D10: kWh | E10: 18120 | F10: 18140 | G10: 18175 | H10: 18210 | I10: 18250 | J10: 18280 | K10: 18320 | L10: 0 | M10: 0 | N10: 0 | O10: 0 | P10: 0 | Q10: 0
A11: E_AB1_25 | B11: výpočet | C11: topení, kamery | D11: kWh | E11: 288020 | F11: 288200 | G11: 288370 | H11: 288500 | I11: 288600 | J11: 288640 | K11: 288670 | L11: 0 | M11: 0 | N11: 0 | O11: 0 | P11: 0 | Q11: 0
A12: E_AB1_27 | B12: BURNING TECHNOLOGY a. s. | C12: zkušebna | D12: kWh | E12: 355 | F12: 355 | G12: 355 | H12: 360 | I12: 360 | J12: 360 | K12: 360 | L12: 0 | M12: 0 | N12: 0 | O12: 0 | P12: 0 | Q12: 0
A13: E_AB2 | B13: BURNING TECHNOLOGY a. s. | C13: II. patro + internet | D13: kWh | E13: 31720 | F13: 32120 | G13: 32490 | H13: 32830 | I13: 33130 | J13: 33415 | K13: 33680 | L13: 0 | M13: 0 | N13: 0 | O13: 0 | P13: 0 | Q13: 0
A14: E_AB3 | B14: CSE | C14: 3 NP | D14: kWh | E14: 15120 | F14: 15130 | G14: 15140 | H14: 15155 | I14: 15175 | J14: 15215 | K14: 15250 | L14: 0 | M14: 0 | N14: 0 | O14: 0 | P14: 0 | Q14: 0
A15: E_AB4 | B15: CSE | C15: Příprava kotelna - plyn | D15: kWh | E15: 0 | F15: 0 | G15: 0 | H15: 0 | I15: 0 | J15: 0 | K15: 0 | L15: 0 | M15: 0 | N15: 0 | O15: 0 | P15: 0 | Q15: 0
A16: E_B1 | B16: ONE KLIMA s. r. o. | C16: hala B1/B1A | D16: kWh | E16: 4510 | F16: 4530 | G16: 4540 | H16: 4550 | I16: 4560 | J16: 4570 | K16: 4580 | L16: 0 | M16: 0 | N16: 0 | O16: 0 | P16: 0 | Q16: 0
A17: E_B1A | B17: ONE KLIMA s. r. o. | C17: rack | D17: kWh | E17: 345 | F17: 350 | G17: 350 | H17: 350 | I17: 350 | J17: 350 | K17: 350 | L17: 0 | M17: 0 | N17: 0 | O17: 0 | P17: 0 | Q17: 0
A18: E_B2 | B18: BURNING TECHNOLOGY a. s. | C18: haly B1/B2/C4 | D18: kWh | E18: 114600 | F18: 114650 | G18: 114700 | H18: 114710 | I18: 114710 | J18: 114710 | K18: 114950 | L18: 0 | M18: 0 | N18: 0 | O18: 0 | P18: 0 | Q18: 0
A19: E_C1 | B19: BURNING TECHNOLOGY a. s. | C19: hala C1/C3 | D19: kWh | E19: 3030 | F19: 3050 | G19: 3060 | H19: 3070 | I19: 3075 | J19: 3080 | K19: 3090 | L19: 0 | M19: 0 | N19: 0 | O19: 0 | P19: 0 | Q19: 0
... A34: E_SPOL | B34: výpočet | C34: společná | D34: kWh | E34: 0 | F34: 0 | G34: 0 | H34: 0 | I34: 0 | J34: 0 | K34: 0 | L34: 0 | M34: 0 | N34: 0 | O34: 0 | P34: 0 | Q34: 0
A37: SPOTŘEBY | B37: KLIENT | C37: Poznámka | D37: Koef | E37: ledna | F37: února | G37: března | H37: dubna | I37: května | J37: června | K37: července | L37: srpna | M37: září | N37: října | O37: listopadu | P37: prosince | Q37: Odečet
A38: =$A2 -> E_A1 | B38: =B2 -> ONE KLIMA, s. r. o. | D38: 1 | E38: =$D38*IF(F2=0,0,(F2-E2)) -> 150 | F38: =$D38*IF(G2=0,0,(G2-F2)) -> 190 | G38: =$D38*IF(H2=0,0,(H2-G2)) -> 180 | H38: =$D38*IF(I2=0,0,(I2-H2)) -> 150 | I38: =$D38*IF(J2=0,0,(J2-I2)) -> 120 | J38: =$D38*IF(K2=0,0,(K2-J2)) -> 200 | K38: =$D38*IF(L2=0,0,(L2-K2)) -> 0 | L38: =$D38*IF(M2=0,0,(M2-L2)) -> 0 | ... P38: =$D38*IF(Q2=0,0,(Q2-P2)) -> 0 | Q38: 46204
A39: =$A3 -> E_AB1 | B39: =B3 -> výpočet | D39: 1 | E39: =$D39*IF(F3=0,0,(F3-E3)) -> 220 | F39: =$D39*IF(G3=0,0,(G3-F3)) -> 200 | G39: =$D39*IF(H3=0,0,(H3-G3)) -> 240 | H39: =$D39*IF(I3=0,0,(I3-H3)) -> 200 | I39: =$D39*IF(J3=0,0,(J3-I3)) -> 200 | J39: =$D39*IF(K3=0,0,(K3-J3)) -> 200 | K39: =$D39*IF(L3=0,0,(L3-K3)) -> 0 | L39: =$D39*IF(M3=0,0,(M3-L3)) -> 0 | ... P39: =$D39*IF(Q3=0,0,(Q3-P3)) -> 0 | Q39: =$Q$38 -> 46204
A40: =$A4 -> E_AB1_10 | B40: =B4 -> výpočet | C40: výpočet | D40: 1 | E40: =$D40*IF(F4=0,0,(F4-E4))-E42-E43 -> 17 | F40: =$D40*IF(G4=0,0,(G4-F4))-F42-F43 -> 0 | G40: =$D40*IF(H4=0,0,(H4-G4))-G42-G43 -> 0 | H40: =$D40*IF(I4=0,0,(I4-H4))-H42-H43 -> 4 | I40: =$D40*IF(J4=0,0,(J4-I4))-I42-I43 -> 6 | J40: =$D40*IF(K4=0,0,(K4-J4))-J42-J43 -> 0 | K40: =$D40*IF(L4=0,0,(L4-K4))-K42-K43 -> 0 | L40: =$D40*IF(M4=0,0,(M4-L4))-L42-L43 -> 0 | ... P40: =$D40*IF(Q4=0,0,(Q4-P4))-P42-P43 -> 0 | Q40: =$Q$38 -> 46204
A41: =$A5 -> E_AB1_08 | B41: =B5 -> Aktiv Novostav s. r. o. | D41: 1 | E41: =$D41*IF(F5=0,0,(F5-E5)) -> 0 | F41: =$D41*IF(G5=0,0,(G5-F5)) -> 0 | G41: =$D41*IF(H5=0,0,(H5-G5)) -> 0 | H41: =$D41*IF(I5=0,0,(I5-H5)) -> 0 | I41: =$D41*IF(J5=0,0,(J5-I5)) -> 0 | J41: =$D41*IF(K5=0,0,(K5-J5)) -> 0 | K41: =$D41*IF(L5=0,0,(L5-K5)) -> 0 | L41: =$D41*IF(M5=0,0,(M5-L5)) -> 0 | ... P41: =$D41*IF(Q5=0,0,(Q5-P5)) -> 0 | Q41: =$Q$38 -> 46204
A42: =$A6 -> E_AB1_11 | B42: =B6 -> Aktiv Novostav s. r. o. | D42: 1 | E42: =$D42*IF(F6=0,0,(F6-E6)) -> 8 | F42: =$D42*IF(G6=0,0,(G6-F6)) -> 5 | G42: =$D42*IF(H6=0,0,(H6-G6)) -> 10 | H42: =$D42*IF(I6=0,0,(I6-H6)) -> 6 | I42: =$D42*IF(J6=0,0,(J6-I6)) -> 9 | J42: =$D42*IF(K6=0,0,(K6-J6)) -> 5 | K42: =$D42*IF(L6=0,0,(L6-K6)) -> 0 | L42: =$D42*IF(M6=0,0,(M6-L6)) -> 0 | ... P42: =$D42*IF(Q6=0,0,(Q6-P6)) -> 0 | Q42: =$Q$38 -> 46204
A43: =$A7 -> E_AB1_12 | B43: =B7 -> Aktiv Novostav s. r. o. | D43: 1 | E43: =$D43*IF(F7=0,0,(F7-E7)) -> 15 | F43: =$D43*IF(G7=0,0,(G7-F7)) -> 15 | G43: =$D43*IF(H7=0,0,(H7-G7)) -> 15 | H43: =$D43*IF(I7=0,0,(I7-H7)) -> 15 | I43: =$D43*IF(J7=0,0,(J7-I7)) -> 15 | J43: =$D43*IF(K7=0,0,(K7-J7)) -> 15 | K43: =$D43*IF(L7=0,0,(L7-K7)) -> 0 | L43: =$D43*IF(M7=0,0,(M7-L7)) -> 0 | ... P43: =$D43*IF(Q7=0,0,(Q7-P7)) -> 0 | Q43: =$Q$38 -> 46204
A44: =$A8 -> E_AB1_18 | B44: =B8 -> BURNING TECHNOLOGY a. s. | D44: 1 | E44: =$D44*IF(F8=0,0,(F8-E8)) -> 5 | F44: =$D44*IF(G8=0,0,(G8-F8)) -> 5 | G44: =$D44*IF(H8=0,0,(H8-G8)) -> 5 | H44: =$D44*IF(I8=0,0,(I8-H8)) -> 0 | I44: =$D44*IF(J8=0,0,(J8-I8)) -> 5 | J44: =$D44*IF(K8=0,0,(K8-J8)) -> 5 | K44: =$D44*IF(L8=0,0,(L8-K8)) -> 0 | L44: =$D44*IF(M8=0,0,(M8-L8)) -> 0 | ... P44: =$D44*IF(Q8=0,0,(Q8-P8)) -> 0 | Q44: =$Q$38 -> 46204
A45: =$A9 -> E_AB1_22 | B45: =B9 -> MV Active s.r.o. | D45: 1 | E45: =$D45*IF(F9=0,0,(F9-E9)) -> 120 | F45: =$D45*IF(G9=0,0,(G9-F9)) -> 140 | G45: =$D45*IF(H9=0,0,(H9-G9)) -> 120 | H45: =$D45*IF(I9=0,0,(I9-H9)) -> 115 | I45: =$D45*IF(J9=0,0,(J9-I9)) -> 75 | J45: =$D45*IF(K9=0,0,(K9-J9)) -> 70 | K45: =$D45*IF(L9=0,0,(L9-K9)) -> 0 | L45: =$D45*IF(M9=0,0,(M9-L9)) -> 0 | ... P45: =$D45*IF(Q9=0,0,(Q9-P9)) -> 0 | Q45: =$Q$38 -> 46204
A46: =$A10 -> E_AB1_23 | B46: =B10 -> MV Active s.r.o. | D46: 1 | E46: =$D46*IF(F10=0,0,(F10-E10)) -> 20 | F46: =$D46*IF(G10=0,0,(G10-F10)) -> 35 | G46: =$D46*IF(H10=0,0,(H10-G10)) -> 35 | H46: =$D46*IF(I10=0,0,(I10-H10)) -> 40 | I46: =$D46*IF(J10=0,0,(J10-I10)) -> 30 | J46: =$D46*IF(K10=0,0,(K10-J10)) -> 40 | K46: =$D46*IF(L10=0,0,(L10-K10)) -> 0 | L46: =$D46*IF(M10=0,0,(M10-L10)) -> 0 | ... P46: =$D46*IF(Q10=0,0,(Q10-P10)) -> 0 | Q46: =$Q$38 -> 46204
A47: =$A11 -> E_AB1_25 | B47: =B11 -> výpočet | C47: topení | D47: 1 | E47: =$D47*IF(F11=0,0,(F11-E11)) -> 180 | F47: =$D47*IF(G11=0,0,(G11-F11)) -> 170 | G47: =$D47*IF(H11=0,0,(H11-G11)) -> 130 | H47: =$D47*IF(I11=0,0,(I11-H11)) -> 100 | I47: =$D47*IF(J11=0,0,(J11-I11)) -> 40 | J47: =$D47*IF(K11=0,0,(K11-J11)) -> 30 | K47: =$D47*IF(L11=0,0,(L11-K11)) -> 0 | L47: =$D47*IF(M11=0,0,(M11-L11)) -> 0 | ... P47: =$D47*IF(Q11=0,0,(Q11-P11)) -> 0 | Q47: =$Q$38 -> 46204
A48: =$A12 -> E_AB1_27 | B48: =B12 -> BURNING TECHNOLOGY a. s. | D48: 1 | E48: =$D48*IF(F12=0,0,(F12-E12)) -> 0 | F48: =$D48*IF(G12=0,0,(G12-F12)) -> 0 | G48: =$D48*IF(H12=0,0,(H12-G12)) -> 5 | H48: =$D48*IF(I12=0,0,(I12-H12)) -> 0 | I48: =$D48*IF(J12=0,0,(J12-I12)) -> 0 | J48: =$D48*IF(K12=0,0,(K12-J12)) -> 0 | K48: =$D48*IF(L12=0,0,(L12-K12)) -> 0 | L48: =$D48*IF(M12=0,0,(M12-L12)) -> 0 | ... P48: =$D48*IF(Q12=0,0,(Q12-P12)) -> 0 | Q48: =$Q$38 -> 46204
A49: =$A13 -> E_AB2 | B49: =B13 -> BURNING TECHNOLOGY a. s. | D49: 1 | E49: =$D49*IF(F13=0,0,(F13-E13)) -> 400 | F49: =$D49*IF(G13=0,0,(G13-F13)) -> 370 | G49: =$D49*IF(H13=0,0,(H13-G13)) -> 340 | H49: =$D49*IF(I13=0,0,(I13-H13)) -> 300 | I49: =$D49*IF(J13=0,0,(J13-I13)) -> 285 | J49: =$D49*IF(K13=0,0,(K13-J13)) -> 265 | K49: =$D49*IF(L13=0,0,(L13-K13)) -> 0 | L49: =$D49*IF(M13=0,0,(M13-L13)) -> 0 | ... P49: =$D49*IF(Q13=0,0,(Q13-P13)) -> 0 | Q49: =$Q$38 -> 46204
A50: =$A14 -> E_AB3 | B50: =B14 -> CSE | D50: 1 | E50: =$D50*IF(F14=0,0,(F14-E14)) -> 10 | F50: =$D50*IF(G14=0,0,(G14-F14)) -> 10 | G50: =$D50*IF(H14=0,0,(H14-G14)) -> 15 | H50: =$D50*IF(I14=0,0,(I14-H14)) -> 20 | I50: =$D50*IF(J14=0,0,(J14-I14)) -> 40 | J50: =$D50*IF(K14=0,0,(K14-J14)) -> 35 | K50: =$D50*IF(L14=0,0,(L14-K14)) -> 0 | L50: =$D50*IF(M14=0,0,(M14-L14)) -> 0 | ... P50: =$D50*IF(Q14=0,0,(Q14-P14)) -> 0 | Q50: =$Q$38 -> 46204
A51: =$A15 -> E_AB4 | B51: =B15 -> CSE | D51: 1 | E51: =$D51*IF(F15=0,0,(F15-E15)) -> 0 | F51: =$D51*IF(G15=0,0,(G15-F15)) -> 0 | G51: =$D51*IF(H15=0,0,(H15-G15)) -> 0 | H51: =$D51*IF(I15=0,0,(I15-H15)) -> 0 | I51: =$D51*IF(J15=0,0,(J15-I15)) -> 0 | J51: =$D51*IF(K15=0,0,(K15-J15)) -> 0 | K51: =$D51*IF(L15=0,0,(L15-K15)) -> 0 | L51: =$D51*IF(M15=0,0,(M15-L15)) -> 0 | ... P51: =$D51*IF(Q15=0,0,(Q15-P15)) -> 0 | Q51: =$Q$38 -> 46204
A52: =$A16 -> E_B1 | B52: =B16 -> ONE KLIMA s. r. o. | D52: 1 | E52: =$D52*IF(F16=0,0,(F16-E16)) -> 20 | F52: =$D52*IF(G16=0,0,(G16-F16)) -> 10 | G52: =$D52*IF(H16=0,0,(H16-G16)) -> 10 | H52: =$D52*IF(I16=0,0,(I16-H16)) -> 10 | I52: =$D52*IF(J16=0,0,(J16-I16))-I65 -> 10 | J52: =$D52*IF(K16=0,0,(K16-J16)) -> 10 | K52: =$D52*IF(L16=0,0,(L16-K16)) -> 0 | L52: =$D52*IF(M16=0,0,(M16-L16)) -> 0 | M52: =$D52*IF(N16=0,0,(N16-M16)) -> 0 | N52: =$D52*IF(O16=0,0,(O16-N16)) -> 0 | O52: =$D52*IF(P16=0,0,(P16-O16)) -> 0 | P52: =$D52*IF(Q16=0,0,(Q16-P16)) -> 0 | Q52: =$Q$38 -> 46204
A53: =$A17 -> E_B1A | B53: =$B17 -> ONE KLIMA s. r. o. | C53: rack | D53: 1 | E53: =$D53*IF(F17=0,0,(F17-E17)) -> 5 | F53: =$D53*IF(G17=0,0,(G17-F17)) -> 0 | G53: =$D53*IF(H17=0,0,(H17-G17)) -> 0 | H53: =$D53*IF(I17=0,0,(I17-H17)) -> 0 | I53: =$D53*IF(J17=0,0,(J17-I17)) -> 0 | J53: =$D53*IF(K17=0,0,(K17-J17)) -> 0 | K53: =$D53*IF(L17=0,0,(L17-K17)) -> 0 | L53: =$D53*IF(M17=0,0,(M17-L17)) -> 0 | ... P53: =$D53*IF(Q17=0,0,(Q17-P17)) -> 0 | Q53: =$Q$38 -> 46204
A54: =$A18 -> E_B2 | B54: =B18 -> BURNING TECHNOLOGY a. s. | C54: výpočet, podružné B1/B1A/B1Z/B2Z | D54: 1 | E54: =$D54*IF(F18=0,0,(F18-E18))-E52-E53-E65-E66 -> 25 | F54: =$D54*IF(G18=0,0,(G18-F18))-F52-F53-F65-F66 -> 40 | G54: =$D54*IF(H18=0,0,(H18-G18))-G52-G53-G65-G66 -> 0 | H54: =$D54*IF(I18=0,0,(I18-H18)) -> 0 | I54: =$D54*IF(J18=0,0,(J18-I18))-I66 -> 0 | J54: =$D54*IF(K18=0,0,(K18-J18)) -> 240 | K54: =$D54*IF(L18=0,0,(L18-K18)) -> 0 | L54: =$D54*IF(M18=0,0,(M18-L18)) -> 0 | M54: =$D54*IF(N18=0,0,(N18-M18)) -> 0 | N54: =$D54*IF(O18=0,0,(O18-N18)) -> 0 | O54: =$D54*IF(P18=0,0,(P18-O18)) -> 0 | P54: =$D54*IF(Q18=0,0,(Q18-P18)) -> 0 | Q54: =$Q$38 -> 46204
A55: =$A19 -> E_C1 | B55: =B19 -> BURNING TECHNOLOGY a. s. | D55: 1 | E55: =$D55*IF(F19=0,0,(F19-E19)) -> 20 | F55: =$D55*IF(G19=0,0,(G19-F19)) -> 10 | G55: =$D55*IF(H19=0,0,(H19-G19)) -> 10 | H55: =$D55*IF(I19=0,0,(I19-H19)) -> 5 | I55: =$D55*IF(J19=0,0,(J19-I19)) -> 5 | J55: =$D55*IF(K19=0,0,(K19-J19)) -> 10 | K55: =$D55*IF(L19=0,0,(L19-K19)) -> 0 | L55: =$D55*IF(M19=0,0,(M19-L19)) -> 0 | ... P55: =$D55*IF(Q19=0,0,(Q19-P19)) -> 0 | Q55: =$Q$38 -> 46204
A56: =$A20 -> E_C2 | B56: =B20 -> FSL CZ, s. r. o. | D56: 1 | E56: =$D56*IF(F20=0,0,(F20-E20)) -> 480 | F56: =$D56*IF(G20=0,0,(G20-F20)) -> 440 | G56: =$D56*IF(H20=0,0,(H20-G20)) -> 315 | H56: =$D56*IF(I20=0,0,(I20-H20)) -> 385 | I56: =$D56*IF(J20=0,0,(J20-I20)) -> 135 | J56: =$D56*IF(K20=0,0,(K20-J20)) -> 155 | K56: =$D56*IF(L20=0,0,(L20-K20)) -> 0 | L56: =$D56*IF(M20=0,0,(M20-L20)) -> 0 | ... P56: =$D56*IF(Q20=0,0,(Q20-P20)) -> 0 | Q56: =$Q$38 -> 46204
A57: =$A21 -> E_D1 | B57: =B21 -> BURNING TECHNOLOGY a. s. | D57: 1 | E57: =$D57*IF(F21=0,0,(F21-E21)) -> 50 | F57: =$D57*IF(G21=0,0,(G21-F21)) -> 20 | G57: =$D57*IF(H21=0,0,(H21-G21)) -> 70 | H57: =$D57*IF(I21=0,0,(I21-H21)) -> 30 | I57: =$D57*IF(J21=0,0,(J21-I21)) -> 40 | J57: =$D57*IF(K21=0,0,(K21-J21)) -> 40 | K57: =$D57*IF(L21=0,0,(L21-K21)) -> 0 | L57: =$D57*IF(M21=0,0,(M21-L21)) -> 0 | ... P57: =$D57*IF(Q21=0,0,(Q21-P21)) -> 0 | Q57: =$Q$38 -> 46204
A58: =$A22 -> E_D2 | B58: =B22 -> BURNING TECHNOLOGY a. s. | D58: 1 | E58: =$D58*IF(F22=0,0,(F22-E22)) -> 5 | F58: =$D58*IF(G22=0,0,(G22-F22)) -> 0 | G58: =$D58*IF(H22=0,0,(H22-G22)) -> 0 | H58: =$D58*IF(I22=0,0,(I22-H22)) -> 90 | I58: =$D58*IF(J22=0,0,(J22-I22)) -> 80 | J58: =$D58*IF(K22=0,0,(K22-J22)) -> 95 | K58: =$D58*IF(L22=0,0,(L22-K22)) -> 0 | L58: =$D58*IF(M22=0,0,(M22-L22)) -> 0 | ... P58: =$D58*IF(Q22=0,0,(Q22-P22)) -> 0 | Q58: =$Q$38 -> 46204
A59: =$A23 -> E_D3 | B59: =B23 -> CSE | D59: 1 | E59: =$D59*IF(F23=0,0,(F23-E23)) -> 0 | F59: =$D59*IF(G23=0,0,(G23-F23)) -> 0 | G59: =$D59*IF(H23=0,0,(H23-G23)) -> 0 | H59: =$D59*IF(I23=0,0,(I23-H23)) -> 0 | I59: =$D59*IF(J23=0,0,(J23-I23)) -> 0 | J59: =$D59*IF(K23=0,0,(K23-J23)) -> 0 | K59: =$D59*IF(L23=0,0,(L23-K23)) -> 0 | L59: =$D59*IF(M23=0,0,(M23-L23)) -> 0 | ... P59: =$D59*IF(Q23=0,0,(Q23-P23)) -> 0 | Q59: =$Q$38 -> 46204
A60: =$A24 -> E_CH2 | B60: =B24 -> BURNING TECHNOLOGY a. s. | D60: 1 | E60: =$D60*IF(F24=0,0,(F24-E24)) -> 10 | F60: =$D60*IF(G24=0,0,(G24-F24)) -> 5 | G60: =$D60*IF(H24=0,0,(H24-G24)) -> 0 | H60: =$D60*IF(I24=0,0,(I24-H24)) -> 0 | I60: =$D60*IF(J24=0,0,(J24-I24)) -> 0 | J60: =$D60*IF(K24=0,0,(K24-J24)) -> 5 | K60: =$D60*IF(L24=0,0,(L24-K24)) -> 0 | L60: =$D60*IF(M24=0,0,(M24-L24)) -> 0 | ... P60: =$D60*IF(Q24=0,0,(Q24-P24)) -> 0 | Q60: =$Q$38 -> 46204
A61: =$A25 -> E_CH1 | B61: =B25 -> BURNING TECHNOLOGY a. s. | D61: 1 | E61: =$D61*IF(F25=0,0,(F25-E25)) -> 0 | F61: =$D61*IF(G25=0,0,(G25-F25)) -> 0 | G61: =$D61*IF(H25=0,0,(H25-G25)) -> 0 | H61: =$D61*IF(I25=0,0,(I25-H25)) -> 1 | I61: =$D61*IF(J25=0,0,(J25-I25)) -> 0 | J61: =$D61*IF(K25=0,0,(K25-J25)) -> 9 | K61: =$D61*IF(L25=0,0,(L25-K25)) -> 0 | L61: =$D61*IF(M25=0,0,(M25-L25)) -> 0 | ... P61: =$D61*IF(Q25=0,0,(Q25-P25)) -> 0 | Q61: =$Q$38 -> 46204
A62: =$A26 -> E_OSV1 | B62: =B26 -> výpočet | D62: 1 | E62: =$D62*IF(F26=0,0,(F26-E26)) -> 290 | F62: =$D62*IF(G26=0,0,(G26-F26)) -> 300 | G62: =$D62*IF(H26=0,0,(H26-G26)) -> 250 | H62: =$D62*IF(I26=0,0,(I26-H26)) -> 210 | I62: =$D62*IF(J26=0,0,(J26-I26)) -> 190 | J62: =$D62*IF(K26=0,0,(K26-J26)) -> 140 | K62: =$D62*IF(L26=0,0,(L26-K26)) -> 0 | L62: =$D62*IF(M26=0,0,(M26-L26)) -> 0 | ... P62: =$D62*IF(Q26=0,0,(Q26-P26)) -> 0 | Q62: =$Q$38 -> 46204
A63: =$A27 -> E_OSV2 | B63: =B27 -> výpočet | D63: 1 | E63: =$D63*IF(F27=0,0,(F27-E27)) -> 120 | F63: =$D63*IF(G27=0,0,(G27-F27)) -> 50 | G63: =$D63*IF(H27=0,0,(H27-G27)) -> 90 | H63: =$D63*IF(I27=0,0,(I27-H27)) -> 60 | I63: =$D63*IF(J27=0,0,(J27-I27)) -> 55 | J63: =$D63*IF(K27=0,0,(K27-J27)) -> 55 | K63: =$D63*IF(L27=0,0,(L27-K27)) -> 0 | L63: =$D63*IF(M27=0,0,(M27-L27)) -> 0 | ... P63: =$D63*IF(Q27=0,0,(Q27-P27)) -> 0 | Q63: =$Q$38 -> 46204
A64: =$A28 -> E_AB1_16 | B64: =$B28 -> BURNING TECHNOLOGY a. s. | C64: bojler sprchy | D64: 1 | E64: =$D64*IF(F28=0,0,(F28-E28)) -> 10 | F64: =$D64*IF(G28=0,0,(G28-F28)) -> 30 | G64: =$D64*IF(H28=0,0,(H28-G28)) -> 20 | H64: =$D64*IF(I28=0,0,(I28-H28)) -> 10 | I64: =$D64*IF(J28=0,0,(J28-I28)) -> 25 | J64: =$D64*IF(K28=0,0,(K28-J28)) -> 35 | K64: =$D64*IF(L28=0,0,(L28-K28)) -> 0 | L64: =$D64*IF(M28=0,0,(M28-L28)) -> 0 | ... P64: =$D64*IF(Q28=0,0,(Q28-P28)) -> 0 | Q64: =$Q$38 -> 46204
A65: =$A29 -> E_B1Z | B65: =$B29 -> VINTECO s. r. o. | C65: podružny | D65: 1 | E65: =$D65*IF(F29=0,0,(F29-E29)) -> 0 | F65: =$D65*IF(G29=0,0,(G29-F29)) -> 0 | G65: =$D65*IF(H29=0,0,(H29-G29)) -> 0 | H65: =$D65*IF(I29=0,0,(I29-H29)) -> 0 | I65: =$D65*IF(J29=0,0,(J29-I29)) -> 0 | J65: =$D65*IF(K29=0,0,(K29-J29)) -> 0 | K65: =$D65*IF(L29=0,0,(L29-K29)) -> 0 | L65: =$D65*IF(M29=0,0,(M29-L29)) -> 0 | ... P65: =$D65*IF(Q29=0,0,(Q29-P29)) -> 0 | Q65: =$Q$38 -> 46204
A66: =$A30 -> E_B2Z | B66: =$B30 -> BURNING TECHNOLOGY a. s. | C66: podružny | D66: 1 | E66: =$D66*IF(F30=0,0,(F30-E30)) -> 0 | F66: =$D66*IF(G30=0,0,(G30-F30)) -> 0 | G66: =$D66*IF(H30=0,0,(H30-G30)) -> 0 | H66: =$D66*IF(I30=0,0,(I30-H30)) -> 0 | I66: =$D66*IF(J30=0,0,(J30-I30)) -> 0 | J66: =$D66*IF(K30=0,0,(K30-J30)) -> 0 | K66: =$D66*IF(L30=0,0,(L30-K30)) -> 0 | L66: =$D66*IF(M30=0,0,(M30-L30)) -> 0 | ... P66: =$D66*IF(Q30=0,0,(Q30-P30)) -> 0 | Q66: =$Q$38 -> 46204
A67: =$A31 -> E_C1Z | B67: =$B31 -> BURNING TECHNOLOGY a. s. | D67: 1 | E67: =$D67*IF(F31=0,0,(F31-E31)) -> 0 | F67: =$D67*IF(G31=0,0,(G31-F31)) -> 0 | G67: =$D67*IF(H31=0,0,(H31-G31)) -> 0 | H67: =$D67*IF(I31=0,0,(I31-H31)) -> 0 | I67: =$D67*IF(J31=0,0,(J31-I31)) -> 0 | J67: =$D67*IF(K31=0,0,(K31-J31)) -> 0 | K67: =$D67*IF(L31=0,0,(L31-K31)) -> 0 | L67: =$D67*IF(M31=0,0,(M31-L31)) -> 0 | ... P67: =$D67*IF(Q31=0,0,(Q31-P31)) -> 0 | Q67: =$Q$38 -> 46204
A68: =$A32 -> E_D1Z | B68: =$B32 -> BURNING TECHNOLOGY a. s. | D68: 1 | E68: =$D68*IF(F32=0,0,(F32-E32)) -> 0 | F68: =$D68*IF(G32=0,0,(G32-F32)) -> 0 | G68: =$D68*IF(H32=0,0,(H32-G32)) -> 0 | H68: =$D68*IF(I32=0,0,(I32-H32)) -> 0 | I68: =$D68*IF(J32=0,0,(J32-I32)) -> 0 | J68: =$D68*IF(K32=0,0,(K32-J32)) -> 0 | K68: =$D68*IF(L32=0,0,(L32-K32)) -> 0 | L68: =$D68*IF(M32=0,0,(M32-L32)) -> 0 | ... P68: =$D68*IF(Q32=0,0,(Q32-P32)) -> 0 | Q68: =$Q$38 -> 46204
A69: =$A33 -> E_C6 | B69: =$B33 -> BURNING TECHNOLOGY a. s. | D69: 1 | E69: =$D69*IF(F33=0,0,(F33-E33)) -> 10 | F69: =$D69*IF(G33=0,0,(G33-F33)) -> 0 | G69: =$D69*IF(H33=0,0,(H33-G33)) -> 0 | H69: =$D69*IF(I33=0,0,(I33-H33)) -> 0 | I69: =$D69*IF(J33=0,0,(J33-I33)) -> 10 | J69: =$D69*IF(K33=0,0,(K33-J33)) -> 0 | K69: =$D69*IF(L33=0,0,(L33-K33)) -> 0 | L69: =$D69*IF(M33=0,0,(M33-L33)) -> 0 | ... P69: =$D69*IF(Q33=0,0,(Q33-P33)) -> 0 | Q69: =$Q$38 -> 46204
A70: =$A34 -> E_SPOL | B70: =$B34 -> výpočet | D70: 1 | E70: =E62+E63+E39+E51 -> 630 | F70: =F62+F63+F39+F51 -> 550 | G70: =G62+G63+G39+G51+G47 -> 710 | H70: =H62+H63+H39+H51+H47 -> 570 | I70: =I62+I63+I39+I51+I47 -> 485 | J70: =J62+J63+J39+J51+J47 -> 425 | K70: =K62+K63+K39+K51+K47 -> 0 | L70: =L62+L63+L39+L51+L47 -> 0 | M70: =M62+M63+M39+M51+M47 -> 0 | N70: =N62+N63+N39+N51+N47 -> 0 | ... P70: =P62+P63+P39+P51+P47 -> 0 | Q70: =$Q$38 -> 46204
A72: CELKEM: | E72: =SUM(E38:E69) -> 2190 | F72: =SUM(F38:F69) -> 2045 | G72: =SUM(G38:G69) -> 1860 | H72: =SUM(H38:H69) -> 1751 | I72: =SUM(I38:I69) -> 1375 | J72: =SUM(J38:J69) -> 1659 | K72: =SUM(K38:K69) -> 0 | L72: =SUM(L38:L69) -> 0 | ... P72: =SUM(P38:P69) -> 0
A74: Celkem odečtena spotřeba | E74: =E72 -> 2190 | F74: =F72 -> 2045 | G74: =G72 -> 1860 | H74: =H72 -> 1751 | I74: =I72 -> 1375 | J74: =J72 -> 1659 | K74: =K72 -> 0 | L74: =L72 -> 0 | ... P74: =P72 -> 0
A75: fakturovaná spotřeba | E75: 2505 | F75: 2118 | G75: 1958 | H75: 1806 | I75: 1450 | J75: 1717 | K75: 0 | L75: 0 | M75: 0 | N75: 0 | O75: 0 | P75: 0
A76: Fakturace bez 4% přirážky | E76: =E75/1.04 -> 2408.6538 | F76: =F75/1.04 -> 2036.5385 | G76: =G75/1.04 -> 1882.6923 | H76: =H75/1.04 -> 1736.5385 | I76: =I75/1.04 -> 1394.2308 | J76: =J75/1.04 -> 1650.9615 | K76: =K75/1.04 -> 0 | L76: =L75/1.04 -> 0 | ... P76: =P75/1.04 -> 0
A77: Rozdíl (chybí/přebývá) | E77: =E74-E76 -> -218.65385 | F77: =F74-F76 -> 8.4615385 | G77: =G74-G76 -> -22.692308 | H77: =H74-H76 -> 14.461538 | I77: =I74-I76 -> -19.230769 | J77: =J74-J76 -> 8.0384615 | K77: =K74-K76 -> 0 | L77: =L74-L76 -> 0 | ... P77: =P74-P76 -> 0
A78: Rozdíl (chybí/přebývá) % | E78: =IF(E74>0,E77/E74,0) -> -0.099841939 | F78: =IF(F74>0,F77/F74,0) -> 0.0041376716 | G78: =IF(G74>0,G77/G74,0) -> -0.012200165 | H78: =IF(H74>0,H77/H74,0) -> 0.0082590168 | I78: =IF(I74>0,(I76/I74)-1+4%,0) -> 0.053986014 | J78: =IF(J74>0,(J76/J74)-1+4%,0) -> 0.035154634 | K78: =IF(K74>0,(K76/K74)-1+4%,0) -> 0 | L78: =IF(L74>0,(L76/L74)-1+4%,0) -> 0 | M78: =IF(M74>0,(M76/M74)-1+4%,0) -> 0 | N78: =IF(N74>0,(N76/N74)-1+4%,0) -> 0 | O78: =IF(O74>0,(O76/O74)-1+4%,0) -> 0 | P78: =IF(P74>0,(P76/P74)-1+4%,0) -> 0
A79: TEDOM celkem Kč | E79: 17882 | F79: 14400 | G79: 14009 | H79: 10732.35 | I79: 8948.01 | J79: 10696.9 | K79: 0 | L79: 0 | M79: 0 | N79: 0 | O79: 0 | P79: 0
A80: Výpočet sazby Kč/kWh | E80: =IF(E75>0,E79/E75,0) -> 7.138523 | F80: =IF(F75>0,F79/F75,0) -> 6.7988669 | G80: =IF(G75>0,G79/G75,0) -> 7.1547497 | H80: =IF(H75>0,H79/H75,0) -> 5.942608 | I80: =IF(I75>0,I79/I75,0) -> 6.1710414 | J80: =IF(J75>0,J79/J75,0) -> 6.2299942 | K80: =IF(K75>0,K79/K75,0) -> 0 | L80: =IF(L75>0,L79/L75,0) -> 0 | ... O80: =IF(O75>0,O79/O75,0) -> 0 | P80: =IF(P75>0,P79/P75,0)+Q80 -> 0
E82: =E79+VODA!E14+TEPLO!E16 -> 54293.611

Sheet VODA
A1: STAVY | B1: KLIENT | C1: Poznámka | D1: Jedn. | E1: =ELEKTRO!E1 -> 1. 1. 2026 | F1: =ELEKTRO!F1 -> 1. 2. 2026 | G1: =ELEKTRO!G1 -> 1. 3. 2026 | H1: =ELEKTRO!H1 -> 1. 4. 2026 | I1: =ELEKTRO!I1 -> 1. 5. 2026 | J1: =ELEKTRO!J1 -> 1. 6. 2026 | K1: =ELEKTRO!K1 -> 1. 7. 2026 | L1: =ELEKTRO!L1 -> 1. 8. 2026 | ... Q1: =ELEKTRO!Q1 -> 1. 1. 2027
A2: W_CELKEM | B2: výpočet | D2: m3 | E2: 524 | F2: 530 | G2: 535 | H2: 541 | I2: 547 | J2: 553 | K2: 561 | L2: 0 | M2: 0 | N2: 0 | O2: 0 | P2: 0 | Q2: 0
A5: SPOTŘEBY | B5: KLIENT | C5: Poznámka | D5: Koef | E5: 44562 | F5: 44593 | G5: 44621 | H5: 44652 | I5: 44682 | J5: 44713 | K5: 44743 | L5: 44774 | M5: 44805 | N5: 44835 | O5: 44866 | P5: 44896
A6: =$A2 -> W_CELKEM | B6: =B2 -> výpočet | D6: 1 | E6: =$D6*IF(F2=0,0,(F2-E2)) -> 6 | F6: =$D6*IF(G2=0,0,(G2-F2)) -> 5 | G6: =$D6*IF(H2=0,0,(H2-G2)) -> 6 | H6: =$D6*IF(I2=0,0,(I2-H2)) -> 6 | I6: =$D6*IF(J2=0,0,(J2-I2)) -> 6 | J6: =$D6*IF(K2=0,0,(K2-J2)) -> 8 | K6: =$D6*IF(L2=0,0,(L2-K2)) -> 0 | L6: =$D6*IF(M2=0,0,(M2-L2)) -> 0 | ... P6: =$D6*IF(Q2=0,0,(Q2-P2)) -> 0
A8: CELKEM: | E8: =SUM(E6) -> 6 | F8: =SUM(F6) -> 5 | G8: =SUM(G6) -> 6 | H8: =SUM(H6) -> 6 | I8: 6 | J8: =SUM(J6) -> 8 | K8: =SUM(K6) -> 0 | L8: =SUM(L6) -> 0 | M8: =SUM(M6) -> 0 | N8: =SUM(N6) -> 0 | O8: =SUM(O6) -> 0 | P8: =SUM(P6) -> 0
A10: Celkem odečtena spotřeba m3 | E10: =E8 -> 6 | F10: =F8 -> 5 | G10: =G8 -> 6 | H10: =H8 -> 6 | I10: =I8 -> 6 | J10: =J8 -> 8 | K10: 0 | L10: =L8 -> 0 | M10: =M8 -> 0 | N10: =N8 -> 0 | O10: =O8 -> 0 | P10: =P8 -> 0
A11: Fakturovaná spotřeba m3 | E11: 6 | F11: 0 | G11: 0 | H11: 0 | I11: 0 | J11: 0 | K11: 0 | L11: 0 | M11: 0 | N11: 0 | O11: 0 | P11: 0
A12: Rozdíl (chybí/přebývá) kWh | E12: =E10-E11 -> 0 | F12: =F10-F11 -> 5 | G12: =G10-G11 -> 6 | H12: =H10-H11 -> 6 | I12: =I10-I11 -> 6 | J12: =J10-J11 -> 8 | K12: =K10-K11 -> 0 | L12: =L10-L11 -> 0 | ... P12: =P10-P11 -> 0
A13: Rozdíl (chybí/přebývá) % | E13: =IF(E10>0,E12/E10,0) -> 0 | F13: =IF(F10>0,F12/F10,0) -> 1 | G13: =IF(G10>0,G12/G10,0) -> 1 | H13: =IF(H10>0,H12/H10,0) -> 1 | I13: =IF(I10>0,I12/I10,0) -> 1 | J13: =IF(J10>0,J12/J10,0) -> 1 | K13: =IF(K10>0,K12/K10,0) -> 0 | L13: =IF(L10>0,L12/L10,0) -> 0 | ... P13: =IF(P10>0,P12/P10,0) -> 0
A14: Fakturace celkem Kč | C14: sazba 128,63 Kč/m3 | E14: =E11*128.63 -> 771.78 | F14: 0 | G14: 0 | H14: 0 | I14: 0 | J14: 0 | K14: 0 | L14: 0 | M14: 0 | N14: 0 | O14: 0 | P14: 0

Sheet TEPLO
A1: STAVY | B1: KLIENT | C1: Poznámka | D1: Jedn. | E1: =ELEKTRO!E1 -> 1. 1. 2026 | F1: =ELEKTRO!F1 -> 1. 2. 2026 | G1: =ELEKTRO!G1 -> 1. 3. 2026 | H1: =ELEKTRO!H1 -> 1. 4. 2026 | I1: =ELEKTRO!I1 -> 1. 5. 2026 | J1: =ELEKTRO!J1 -> 1. 6. 2026 | K1: =ELEKTRO!K1 -> 1. 7. 2026 | L1: =ELEKTRO!L1 -> 1. 8. 2026 | ... Q1: =ELEKTRO!Q1 -> 1. 1. 2027
A2: T_CELKEM | B2: výpočet | C2: rozúčtováno dle m2 | D2: kWh | E2: 288020 | F2: 288200 | G2: 288370 | H2: 288480 | I2: 288600 | J2: 288640 | K2: 288670 | L2: 0 | M2: 0 | N2: 0 | O2: 0 | P2: 0 | Q2: 0
A3: T_PELETY | C3: spotřeba pelet | D3: kg | E3: 0 | F3: 3150 | G3: 3150 | H3: 1950 | I3: 1000 | J3: 400 | K3: 0 | L3: 0 | M3: 0 | N3: 0 | O3: 0 | P3: 0 | Q3: 0
B4: ß
A6: SPOTŘEBY | B6: KLIENT | C6: Poznámka | D6: Koef | E6: 44562 | F6: 44593 | G6: 44621 | H6: 44652 | I6: 44682 | J6: 44713 | K6: 44743 | L6: 44774 | M6: 44805 | N6: 44835 | O6: 44866 | P6: 44896
A7: =$A2 -> T_CELKEM | B7: =B2 -> výpočet | D7: 1 | E7: =$D7*IF(F2=0,0,(F2-E2)) -> 180 | F7: =$D7*IF(G2=0,0,(G2-F2)) -> 170 | G7: 110 | H7: 110 | I7: 120 | J7: 0 | K7: 0 | L7: 0 | M7: 0 | N7: 0 | O7: 0 | P7: 0
A8: =A3 -> T_PELETY | D8: 1 | E8: =F3 -> 3150 | F8: =G3 -> 3150 | G8: =H3 -> 1950 | H8: =I3 -> 1000 | I8: =J3 -> 400 | J8: =K3 -> 0 | K8: =L3 -> 0 | L8: =M3 -> 0 | ... P8: =Q3 -> 0
A9: CELKEM: | E9: =SUM(E7) -> 180 | F9: =SUM(F7) -> 170 | G9: =SUM(G7) -> 110 | H9: =SUM(H7) -> 110 | I9: =SUM(I7) -> 120 | J9: =SUM(J7) -> 0 | K9: =SUM(K7) -> 0 | L9: =SUM(L7) -> 0 | ... P9: =SUM(P7) -> 0
A11: Celkem odečtena spotřeba kWh | E11: =E9 -> 180 | F11: =F9 -> 170 | G11: =G9 -> 110 | H11: =H9 -> 110 | I11: =I9 -> 120 | J11: =J9 -> 0 | K11: =K9 -> 0 | L11: =L9 -> 0 | ... P11: =P9 -> 0
A12: Fakturovaná spotřeba kWh | E12: =E11*1.04 -> 187.2 | F12: =F11*1.04 -> 176.8 | G12: =G11*1.04 -> 114.4 | H12: =H11*1.04 -> 114.4 | I12: =I11*1.04 -> 124.8 | J12: =J11*1.04 -> 0 | K12: =K11*1.04 -> 0 | L12: =L11*1.04 -> 0 | ... P12: =P11*1.04 -> 0
A13: cena Kč/kWh | E13: =ELEKTRO!E80 -> 7.138523 | F13: =ELEKTRO!F80 -> 6.7988669 | G13: =ELEKTRO!G80 -> 7.1547497 | H13: =ELEKTRO!H80 -> 5.942608 | I13: =ELEKTRO!I80 -> 6.1710414 | J13: =ELEKTRO!J80 -> 6.2299942 | K13: =ELEKTRO!K80 -> 0 | L13: =ELEKTRO!L80 -> 0 | ... P13: =ELEKTRO!P80 -> 0
A14: cena pelet Kč/kg | E14: 10.89 | F14: 10.89 | G14: 10.89 | H14: 10.89 | I14: 10.89
A15: Kč pelety | E15: =E8*E14 -> 34303.5 | F15: =F8*F14 -> 34303.5 | G15: =G8*G14 -> 21235.5 | H15: =H8*H14 -> 10890 | I15: =I8*I14 -> 4356 | J15: =J8*J14 -> 0 | K15: =K8*K14 -> 0 | L15: =L8*L14 -> 0 | ... P15: =P8*P14 -> 0
A16: Celkem Kč | E16: =(E12*ELEKTRO!E80)+E15 -> 35639.832 | F16: =(F12*ELEKTRO!F80)+F15 -> 35505.54 | G16: =(G12*ELEKTRO!G80)+G15 -> 22054.003 | H16: =(H12*ELEKTRO!H80)+H15 -> 11569.834 | I16: =(I12*ELEKTRO!I80)+I15 -> 5126.146 | J16: =(J12*ELEKTRO!J80)+J15 -> 0 | K16: =(K12*ELEKTRO!K80)+K15 -> 0 | L16: =(L12*ELEKTRO!L80)+L15 -> 0 | ... P16: =(P12*ELEKTRO!P80)+P15 -> 0

Sheet RADIATORY
A1: Tabulka 1
B2: Radiátory | C2: kwh | D2: Kč/kwh | E2: Kč el. | F2: kg | G2: Kč/kg | H2: Kč pelety | I2: Kč celkem
A3: CELKEM | B3: 26 | C3: 0 | D3: 0 | E3: =C3*D3 -> 0 | F3: 400 | G3: 10.89 | H3: =F3*G3 -> 4356 | I3: =H3+E3 -> 4356
A5: SPOLECNE PROSTORY | B5: 10 | C5: =$B5/$B3*C3 -> 0 | E5: =C5*$D$3 -> 0 | F5: =$B5/$B3*F3 -> 153.84615 | H5: =F5*$G$3 -> 1675.3846 | I5: =H5+E5 -> 1675.3846
A6: VYTAPENE KANC.+SKLADY | B6: 16 | C6: =$B6/$B3*C3 -> 0 | E6: =C6*$D$3 -> 0 | F6: =$B6/$B3*F3 -> 246.15385 | H6: =F6*$G$3 -> 2680.6154 | I6: =H6+E6 -> 2680.6154
